45926AP29GU,00254B9B0445,172.16.110.196
459269HG9GU,00254B9B07A6,172.16.110.197
IQ9253US9GU,00254B992DDF,172.16.110.198
45926DPQ9GU,002608EF8EE2,172.16.110.199
45926ATW9GU,00254B993CDE,172.16.110.200
45926E0F9GU,002608EFA33E,172.16.110.201
45926ASH9GU,00254B992181,172.16.110.202
45926AEH9GU,00254B990168,172.16.110.203
459263X49GU,00254B9B0314,172.16.110.204
4592674U9GU,00254B9AE55E,172.16.110.205
459269JR9GU,00254B9ADF2C,172.16.110.206
459266BZ9GU,00254B9967E5,172.16.110.207
45926C1A9GU,002608EFBDF1,172.16.110.208
45926A579GU,00254B9B0D1A,172.16.110.209
45926A989GU,00254B996901,172.16.110.210
459269A79GU,00254B9B0A98,172.16.110.211
45926AUR9GU,00254B9962D0,172.16.110.212
4592674M9GU,00254B9AE56C,172.16.110.213
459267BC9GU,00254B9AE5DC,172.16.110.214
45926AU79GU,00254B996DA7,172.16.110.215
45926E2K9GU,002608EFA31C,172.16.110.216
45926AQ19GU,00254B9B0D57,172.16.110.217
45926AV49GU,00254B996DB1,172.16.110.218
45926ATT9GU,00254B993CDC,172.16.110.219
45926DQ89GU,002608EFB14B,172.16.110.220
45926DD89GU,002608EFBB3D,172.16.110.221
45926AV59GU,00254B996FBE,172.16.110.222
placeholder,00254B9ADFCF,172.16.110.223
45926ATA9GU,00254B992192,172.16.110.224
45926ALM9GU,00254B9AEF6B,172.16.110.225
45926AX09GU,00254B993CD9,172.16.110.226
45926ALG9GU,00254B9B21ED,172.16.110.227
45926DPP9GU,002608EF8EE3,172.16.110.228
45926D4U9GU,00254B9AE8B7,172.16.110.229
45926A9M9GU,00254B9973BE,172.16.110.230
45926AWD9GU,00254B992046,172.16.110.231
459269M09GU,00254B9AF84E,172.16.110.232
45926A6H9GU,00254B9B0A58,172.16.110.233
4592693L9GU,00254B9B0B51,172.16.110.234
4592662S9GU,00254B9B125D,172.16.110.235
45926APK9GU,00254B9AEF62,172.16.110.236
459265VF9GU,00254B9968AC,172.16.110.237